,,,offers here
jordan 3 white cement reimagined,10.5,ds,
jordan 3 black cement,10.5,ds,
jordan 3 a ma maniere,10.5,ds,
jordan 3 fire red,10.5,ds,
jordan 3 JTH,10.5,ds,
jordan 3 cool grey,10.5,ds,
jordan 3 animal instinct,10.5,ds,
jordan 4 unc,10.5,ds,
jordan 4 military blue,10.5,ds,
jordan 4 military blue,10.5,ds,
jordan 4 white thunder,10.5,ds,
jordan 5 fire red,10.5,ds,
jordan 5 racer blue,10,ds,
jordan 5 ice blue,12w,ds,
jordan 6 pinnacle,10.5,ds,
jordan 6 spizike,10.5,ds,
jordan 6 black infrared,10.5,ds,
jordan 6 midnight navy,10.5,ds,
jordan 6 unc home,10.5,ds,
jordan 6 unc home,10.5,ds,
jordan 11 bred,10.5,ds,
jordan 11 grey suede premium,10.5,ds,
jordan 11 cherry,10.5,ds,
jordan 12 playoff,10.5,ds,
jordan 12 playoff,10.5,ds,
jordan 12 blueberry,10.5,ds,
jordan 12 cherry,10.5,ds,
jordan 12 flu game,10,ds,
jordan 12 flu game,10.5,ds,
kobe 8 what the,10.5,ds,
jordan 13 del sol,10.5,ds,
jordan 13 red flint,10.5,ds,
jordan 14 black toe,10.5,ds,
dunk low dusty olive,10.5,ds,
jordan 1 trophy room,10.5,ds,
jordan 1 origin story,10,ds,
jordan 1 dark mocha,10,ds,
jordan 1 hyper crimson,10,ds,
jordan 1 blue chill,11.5w,ds,
jordan 1 royal,10,ds,
jordan 1 roty,10,ds,
jordan 1 turbo green,10,ds,
jordan 1 sb la to chicago,10,ds,
jordan 1 smoke grey,10,ds,
jordan 1 gatorade orange,10,ds,
jordan 1 rebellionaire,10,ds,
jordan 1 unc toe,10,ds,
jordan 1 pollen,10,ds,
jordan 1 pollen,10,ds,
jordan 1 pollen,"8,5",ds,
jordan 1 pollen,5.5,ds,
jordan 1 light fusion,10,ds,
jordan 1 light fusion,11.5,ds,
jordan 1 marina blue,10,ds,
jordan 1 volt gold,10,ds,
jordan 1 gore tex light curry,10,ds,
jordan 1 gym red,10,ds,
jordan 1 shadow 2.0,10,ds,
jordan 1 pine green 2.0,10,ds,
jordan 1 sports illustrated,10,ds,
jordan 1 lucky green,11.5w,ds,
jordan 1 bloodline,10,ds,
jordan 1 first class flight,10,ds,
jordan 1 unc to chi,11.5w,ds,
jordan 1 court purple 2.0,10,ds,
jordan 1 taxi,10.5,ds,
jordan 1 light fusion,10,ds,
jordan 4 bred reimagined,10.5,ds,
jordan 3 nina chanel,12w,ds,
jordan 4 white cement,10.5,ds,
jordan 5 stealth 2.0,10.5,ds,